<?xml version="1.0" encoding="UTF-8"?>
<project-private xmlns="http://www.netbeans.org/ns/project-private/1">
    <editor-bookmarks xmlns="http://www.netbeans.org/ns/editor-bookmarks/2" lastBookmarkId="0"/>
    <open-files xmlns="http://www.netbeans.org/ns/projectui-open-files/2">
        <group>
            <file>file:/D:/JavaEE/Projects/Anniversary/src/java/model/AnniversaryModel.java</file>
            <file>file:/D:/JavaEE/Projects/Anniversary/src/java/controller/AnniversaryController.java</file>
            <file>file:/D:/JavaEE/Projects/Anniversary/web/index.html</file>
            <file>file:/D:/JavaEE/Projects/Anniversary/web/anniversaryView.jsp</file>
        </group>
    </open-files>
</project-private>
