<?xml version="1.0" encoding="UTF-8"?>
<project-private xmlns="http://www.netbeans.org/ns/project-private/1">
    <editor-bookmarks xmlns="http://www.netbeans.org/ns/editor-bookmarks/2" lastBookmarkId="0"/>
    <open-files xmlns="http://www.netbeans.org/ns/projectui-open-files/2">
        <group>
            <file>file:/D:/JavaEE/Projects/Mod4/src/java/com/gjun/MyModel.java</file>
            <file>file:/D:/JavaEE/Projects/Mod4/src/java/com/gjun/ControllerServlet2.java</file>
            <file>file:/D:/JavaEE/Projects/Mod4/src/java/com/gjun/ControllerServlet1.java</file>
            <file>file:/D:/JavaEE/Projects/Mod4/web/view2.jsp</file>
            <file>file:/D:/JavaEE/Projects/Mod4/web/view1.jsp</file>
        </group>
    </open-files>
</project-private>
