<?xml version="1.0" encoding="UTF-8"?>
<project-private xmlns="http://www.netbeans.org/ns/project-private/1">
    <editor-bookmarks xmlns="http://www.netbeans.org/ns/editor-bookmarks/2" lastBookmarkId="0"/>
    <open-files xmlns="http://www.netbeans.org/ns/projectui-open-files/2">
        <group>
            <file>file:/D:/JavaEE/Examples/Ch8/StdActionDemo/web/index.html</file>
            <file>file:/D:/JavaEE/Examples/Ch8/StdActionDemo/src/java/beans/CustomerBean.java</file>
            <file>file:/D:/JavaEE/Examples/Ch8/StdActionDemo/web/customerInfo.jsp</file>
        </group>
    </open-files>
</project-private>
