<?xml version="1.0" encoding="UTF-8"?>
<project-private xmlns="http://www.netbeans.org/ns/project-private/1">
    <editor-bookmarks xmlns="http://www.netbeans.org/ns/editor-bookmarks/2" lastBookmarkId="0"/>
    <open-files xmlns="http://www.netbeans.org/ns/projectui-open-files/2">
        <group>
            <file>file:/D:/JavaEE/Solutions/Ch11/ContactInfo/src/java/web/Login.java</file>
            <file>file:/D:/JavaEE/Solutions/Ch11/ContactInfo/web/customerList.jsp</file>
            <file>file:/D:/JavaEE/Solutions/Ch11/ContactInfo/web/welcome.jsp</file>
            <file>file:/D:/JavaEE/Solutions/Ch11/ContactInfo/web/customerView.jsp</file>
            <file>file:/D:/JavaEE/Solutions/Ch11/ContactInfo/src/java/web/SecurityFilter.java</file>
            <file>file:/D:/JavaEE/Solutions/Ch11/ContactInfo/web/login.jsp</file>
        </group>
    </open-files>
</project-private>
